event_id,time,angle,pol_x,pol_y,pol_z,energy
0,0.002087,0.013114,0.999914,0.000000,0.013114,30.000000
1,0.016289,0.102344,0.994767,0.000000,0.102166,30.000000
2,0.029388,0.184649,0.983001,0.000000,0.183602,30.000000
3,0.030525,0.191793,0.981664,0.000000,0.190619,30.000000
4,0.040662,0.255490,0.967540,0.000000,0.252720,30.000000
5,0.054316,0.341277,0.942328,0.000000,0.334691,30.000000
6,0.064141,0.403012,0.919884,0.000000,0.392191,30.000000
7,0.087346,0.548809,0.853146,0.000000,0.521672,30.000000
8,0.088629,0.556870,0.848913,0.000000,0.528532,30.000000
9,0.094672,0.594841,0.828238,0.000000,0.560377,30.000000
10,0.101181,0.635737,0.804634,0.000000,0.593771,30.000000
11,0.111181,0.698573,0.765761,0.000000,0.643125,30.000000
12,0.127479,0.800974,0.696008,0.000000,0.718034,30.000000
13,0.140427,0.882329,0.635354,0.000000,0.772221,30.000000
14,0.153191,0.962526,0.571449,0.000000,0.820637,30.000000
15,0.162206,1.019167,0.524075,0.000000,0.851672,30.000000
16,0.162464,1.020793,0.522690,0.000000,0.852523,30.000000
17,0.165318,1.038724,0.507321,0.000000,0.861757,30.000000
18,0.212813,1.337145,0.231531,0.000000,0.972827,30.000000
19,0.217936,1.369330,0.200106,0.000000,0.979774,30.000000
20,0.223243,1.402678,0.167327,0.000000,0.985901,30.000000
21,0.223784,1.406074,0.163978,0.000000,0.986464,30.000000
22,0.237651,1.493203,0.077515,0.000000,0.996991,30.000000
23,0.248912,1.563960,0.006837,0.000000,0.999977,30.000000
24,0.257113,1.615490,-0.044679,0.000000,0.999001,30.000000
25,0.281307,1.767502,-0.195439,0.000000,0.980716,30.000000
26,0.286289,1.798804,-0.226037,0.000000,0.974119,30.000000
27,0.286443,1.799776,-0.226984,0.000000,0.973898,30.000000
28,0.293827,1.846172,-0.271908,0.000000,0.962323,30.000000
29,0.315733,1.983809,-0.401371,0.000000,0.915916,30.000000
30,0.318481,2.001074,-0.417123,0.000000,0.908850,30.000000
31,0.325379,2.044414,-0.456109,0.000000,0.889924,30.000000
32,0.339481,2.133020,-0.533069,0.000000,0.846072,30.000000
33,0.341317,2.144557,-0.542794,0.000000,0.839866,30.000000
34,0.341944,2.148498,-0.546100,0.000000,0.837720,30.000000
35,0.354235,2.225726,-0.609103,0.000000,0.793091,30.000000
36,0.357441,2.245866,-0.624952,0.000000,0.780663,30.000000
37,0.357584,2.246769,-0.625656,0.000000,0.780099,30.000000
38,0.362551,2.277978,-0.649694,0.000000,0.760196,30.000000
39,0.366294,2.301496,-0.667391,0.000000,0.744708,30.000000
40,0.375920,2.361976,-0.711183,0.000000,0.703007,30.000000
41,0.379514,2.384555,-0.726874,0.000000,0.686771,30.000000
42,0.379994,2.387572,-0.728942,0.000000,0.684575,30.000000
43,0.384830,2.417961,-0.749406,0.000000,0.662110,30.000000
44,0.391135,2.457573,-0.775039,0.000000,0.631914,30.000000
45,0.391253,2.458314,-0.775507,0.000000,0.631339,30.000000
46,0.401987,2.525756,-0.816290,0.000000,0.577642,30.000000
47,0.439495,2.761429,-0.928604,0.000000,0.371072,30.000000
48,0.445607,2.799834,-0.942167,0.000000,0.335145,30.000000
49,0.450048,2.827733,-0.951149,0.000000,0.308732,30.000000
50,0.451597,2.837467,-0.954109,0.000000,0.299459,30.000000
51,0.471466,2.962311,-0.983972,0.000000,0.178323,30.000000
52,0.493883,3.103156,-0.999261,0.000000,0.038427,30.000000
53,0.505889,3.178597,-0.999315,0.000000,-0.036996,30.000000
54,0.557920,3.505516,-0.934508,0.000000,-0.355943,30.000000
55,0.579616,3.641834,-0.877467,0.000000,-0.479637,30.000000
56,0.579817,3.643095,-0.876862,0.000000,-0.480743,30.000000
57,0.582333,3.658905,-0.869152,0.000000,-0.494546,30.000000
58,0.593491,3.729015,-0.832372,0.000000,-0.554217,30.000000
59,0.603164,3.789794,-0.797171,0.000000,-0.603753,30.000000
60,0.629617,3.956002,-0.686298,0.000000,-0.727320,30.000000
61,0.633139,3.978132,-0.670036,0.000000,-0.742329,30.000000
62,0.635630,3.993783,-0.658336,0.000000,-0.752724,30.000000
63,0.639189,4.016140,-0.641344,0.000000,-0.767253,30.000000
64,0.650960,4.090100,-0.582896,0.000000,-0.812546,30.000000
65,0.651686,4.094664,-0.579182,0.000000,-0.815198,30.000000
66,0.659354,4.142845,-0.539248,0.000000,-0.842147,30.000000
67,0.667580,4.194528,-0.495023,0.000000,-0.868880,30.000000
68,0.681618,4.282732,-0.416559,0.000000,-0.909109,30.000000
69,0.702121,4.411553,-0.296318,0.000000,-0.955089,30.000000
70,0.703205,4.418370,-0.289801,0.000000,-0.957087,30.000000
71,0.710901,4.466722,-0.243203,0.000000,-0.969975,30.000000
72,0.735684,4.622436,-0.089832,0.000000,-0.995957,30.000000
73,0.746802,4.692295,-0.020092,0.000000,-0.999798,30.000000
74,0.747586,4.697223,-0.015165,0.000000,-0.999885,30.000000
75,0.754833,4.742757,0.030364,0.000000,-0.999539,30.000000
76,0.765514,4.809866,0.097323,0.000000,-0.995253,30.000000
77,0.797740,5.012347,0.295480,0.000000,-0.955349,30.000000
78,0.821106,5.159161,0.432057,0.000000,-0.901846,30.000000
79,0.827697,5.200574,0.469023,0.000000,-0.883186,30.000000
80,0.835581,5.250113,0.512183,0.000000,-0.858877,30.000000
81,0.856873,5.383894,0.622165,0.000000,-0.782886,30.000000
82,0.879550,5.526377,0.727031,0.000000,-0.686605,30.000000
83,0.908385,5.707552,0.838848,0.000000,-0.544366,30.000000
84,0.909955,5.717415,0.844176,0.000000,-0.536066,30.000000
85,0.937783,5.892266,0.924559,0.000000,-0.381039,30.000000
86,0.943199,5.926291,0.936986,0.000000,-0.349366,30.000000
87,0.943865,5.930478,0.938441,0.000000,-0.345440,30.000000
88,0.950485,5.972076,0.951995,0.000000,-0.306115,30.000000
89,0.961825,6.043325,0.971371,0.000000,-0.237567,30.000000
90,0.966820,6.074708,0.978347,0.000000,-0.206970,30.000000
91,0.968335,6.084227,0.980273,0.000000,-0.197648,30.000000
92,0.989399,6.216577,0.997783,0.000000,-0.066559,30.000000
93,1.004732,6.312915,0.999558,0.000000,0.029726,30.000000
94,1.016704,6.388141,0.994497,0.000000,0.104763,30.000000
95,1.030332,6.473769,0.981894,0.000000,0.189432,30.000000
96,1.039864,6.533658,0.968795,0.000000,0.247862,30.000000
97,1.066268,6.699560,0.914561,0.000000,0.404447,30.000000
98,1.081209,6.793438,0.872621,0.000000,0.488398,30.000000
99,1.083159,6.805690,0.866572,0.000000,0.499052,30.000000
100,1.085713,6.821735,0.858453,0.000000,0.512892,30.000000
101,1.089646,6.846450,0.845516,0.000000,0.533950,30.000000
102,1.096664,6.890543,0.821159,0.000000,0.570700,30.000000
103,1.102855,6.929440,0.798345,0.000000,0.602201,30.000000
104,1.104407,6.939195,0.792432,0.000000,0.609960,30.000000
105,1.108803,6.966812,0.775287,0.000000,0.631609,30.000000
106,1.117150,7.019264,0.741107,0.000000,0.671387,30.000000
107,1.123737,7.060645,0.712697,0.000000,0.701472,30.000000
108,1.127373,7.083496,0.696484,0.000000,0.717573,30.000000
109,1.129808,7.098791,0.685427,0.000000,0.728141,30.000000
110,1.145205,7.195536,0.611888,0.000000,0.790944,30.000000
111,1.160633,7.292475,0.532462,0.000000,0.846454,30.000000
112,1.180975,7.420286,0.420227,0.000000,0.907419,30.000000
113,1.194697,7.506502,0.340529,0.000000,0.940234,30.000000
114,1.204768,7.569780,0.280391,0.000000,0.959886,30.000000
115,1.205568,7.574809,0.275560,0.000000,0.961284,30.000000
116,1.212890,7.620812,0.231062,0.000000,0.972939,30.000000
117,1.216205,7.641644,0.210745,0.000000,0.977541,30.000000
118,1.224600,7.694388,0.158917,0.000000,0.987292,30.000000
119,1.226770,7.708022,0.145442,0.000000,0.989367,30.000000
120,1.228507,7.718939,0.134632,0.000000,0.990896,30.000000
121,1.233921,7.752953,0.100857,0.000000,0.994901,30.000000
122,1.255806,7.890460,-0.036470,0.000000,0.999335,30.000000
123,1.268366,7.969376,-0.115139,0.000000,0.993349,30.000000
124,1.268873,7.972567,-0.118308,0.000000,0.992977,30.000000
125,1.279028,8.036369,-0.181378,0.000000,0.983414,30.000000
126,1.283621,8.065230,-0.209680,0.000000,0.977770,30.000000
127,1.305989,8.205773,-0.344580,0.000000,0.938757,30.000000
128,1.306563,8.209379,-0.347963,0.000000,0.937508,30.000000
129,1.328891,8.349667,-0.475635,0.000000,0.879643,30.000000
130,1.332588,8.372897,-0.495939,0.000000,0.868357,30.000000
131,1.351631,8.492549,-0.596046,0.000000,0.802951,30.000000
132,1.365155,8.577522,-0.662043,0.000000,0.749466,30.000000
133,1.372907,8.626227,-0.697746,0.000000,0.716346,30.000000
134,1.396716,8.775823,-0.796716,0.000000,0.604354,30.000000
135,1.404061,8.821977,-0.823751,0.000000,0.566952,30.000000
136,1.408715,8.851217,-0.839974,0.000000,0.542626,30.000000
137,1.425038,8.953779,-0.891116,0.000000,0.453776,30.000000
138,1.431066,8.991654,-0.907659,0.000000,0.419709,30.000000
139,1.437295,9.030792,-0.923386,0.000000,0.383872,30.000000
140,1.437398,9.031439,-0.923635,0.000000,0.383274,30.000000
141,1.439151,9.042451,-0.927799,0.000000,0.373080,30.000000
142,1.442456,9.063216,-0.935345,0.000000,0.353736,30.000000
143,1.449706,9.108770,-0.950484,0.000000,0.310775,30.000000
144,1.451551,9.120364,-0.954023,0.000000,0.299734,30.000000
145,1.495143,9.394261,-0.999534,0.000000,0.030512,30.000000
146,1.505138,9.457059,-0.999479,0.000000,-0.032276,30.000000
147,1.511732,9.498491,-0.997284,0.000000,-0.073646,30.000000
148,1.511963,9.499942,-0.997176,0.000000,-0.075093,30.000000
149,1.515953,9.525016,-0.994980,0.000000,-0.100070,30.000000
150,1.520749,9.555146,-0.991514,0.000000,-0.129999,30.000000
151,1.521744,9.561398,-0.990682,0.000000,-0.136196,30.000000
152,1.542458,9.691547,-0.964628,0.000000,-0.263616,30.000000
153,1.547046,9.720379,-0.956627,0.000000,-0.291314,30.000000
154,1.547415,9.722692,-0.955951,0.000000,-0.293527,30.000000
155,1.571009,9.870943,-0.902108,0.000000,-0.431510,30.000000
156,1.584338,9.954687,-0.862853,0.000000,-0.505455,30.000000
157,1.589594,9.987714,-0.845692,0.000000,-0.533671,30.000000
158,1.596148,10.028894,-0.823005,0.000000,-0.568034,30.000000
159,1.617325,10.161951,-0.740372,0.000000,-0.672198,30.000000
160,1.628757,10.233781,-0.690220,0.000000,-0.723600,30.000000
161,1.654329,10.394453,-0.565568,0.000000,-0.824702,30.000000
162,1.672526,10.508791,-0.467785,0.000000,-0.883842,30.000000
163,1.702560,10.697498,-0.293681,0.000000,-0.955903,30.000000
164,1.704765,10.711355,-0.280408,0.000000,-0.959881,30.000000
165,1.704968,10.712629,-0.279185,0.000000,-0.960237,30.000000
166,1.705984,10.719013,-0.273049,0.000000,-0.962000,30.000000
167,1.708513,10.734905,-0.257727,0.000000,-0.966218,30.000000
168,1.713262,10.764743,-0.228786,0.000000,-0.973477,30.000000
169,1.714355,10.771611,-0.222096,0.000000,-0.975025,30.000000
170,1.714893,10.774992,-0.218798,0.000000,-0.975770,30.000000
171,1.716385,10.784367,-0.209641,0.000000,-0.977778,30.000000
172,1.747951,10.982697,-0.012877,0.000000,-0.999917,30.000000
173,1.749603,10.993079,-0.002495,0.000000,-0.999997,30.000000
174,1.750842,11.000868,0.005294,0.000000,-0.999986,30.000000
175,1.767306,11.104313,0.108525,0.000000,-0.994094,30.000000
176,1.788344,11.236498,0.238600,0.000000,-0.971118,30.000000
177,1.823876,11.459752,0.447688,0.000000,-0.894190,30.000000
178,1.826264,11.474756,0.461053,0.000000,-0.887372,30.000000
179,1.830958,11.504250,0.487021,0.000000,-0.873390,30.000000
180,1.833613,11.520930,0.501520,0.000000,-0.865146,30.000000
181,1.835708,11.534092,0.512864,0.000000,-0.858470,30.000000
182,1.840628,11.565008,0.539155,0.000000,-0.842207,30.000000
183,1.851875,11.635677,0.597278,0.000000,-0.802035,30.000000
184,1.869673,11.747504,0.683049,0.000000,-0.730372,30.000000
185,1.876407,11.789816,0.713332,0.000000,-0.700826,30.000000
186,1.892461,11.890681,0.780276,0.000000,-0.625436,30.000000
187,1.892818,11.892924,0.781677,0.000000,-0.623684,30.000000
188,1.893777,11.898953,0.785422,0.000000,-0.618960,30.000000
189,1.901460,11.947227,0.814376,0.000000,-0.580338,30.000000
190,1.909178,11.995717,0.841548,0.000000,-0.540182,30.000000
191,1.914768,12.030842,0.859999,0.000000,-0.510296,30.000000
192,1.915029,12.032485,0.860836,0.000000,-0.508882,30.000000
193,1.925211,12.096459,0.891608,0.000000,-0.452807,30.000000
194,1.931951,12.138808,0.909979,0.000000,-0.414654,30.000000
195,1.933597,12.149145,0.914217,0.000000,-0.405225,30.000000
196,1.940581,12.193030,0.931114,0.000000,-0.364728,30.000000
197,1.966381,12.355136,0.977773,0.000000,-0.209667,30.000000
198,1.967824,12.364203,0.979634,0.000000,-0.200794,30.000000
199,1.971171,12.385236,0.983640,0.000000,-0.180146,30.000000
200,1.977400,12.424373,0.989935,0.000000,-0.141521,30.000000
201,1.987821,12.489848,0.997074,0.000000,-0.076448,30.000000
202,2.004633,12.595481,0.999576,0.000000,0.029107,30.000000
203,2.013150,12.648997,0.996588,0.000000,0.082532,30.000000
204,2.023253,12.712474,0.989346,0.000000,0.145584,30.000000
205,2.024299,12.719043,0.988368,0.000000,0.152080,30.000000
206,2.024345,12.719333,0.988324,0.000000,0.152367,30.000000
207,2.027903,12.741690,0.984671,0.000000,0.174423,30.000000
208,2.050281,12.882297,0.950509,0.000000,0.310697,30.000000
209,2.057498,12.927642,0.935448,0.000000,0.353464,30.000000
210,2.069470,13.002864,0.906240,0.000000,0.422764,30.000000
211,2.069579,13.003549,0.905950,0.000000,0.423385,30.000000
212,2.073005,13.025073,0.896628,0.000000,0.442785,30.000000
213,2.079057,13.063099,0.879147,0.000000,0.476551,30.000000
214,2.087128,13.113810,0.853860,0.000000,0.520502,30.000000
215,2.091726,13.142704,0.838467,0.000000,0.544953,30.000000
216,2.095382,13.165671,0.825730,0.000000,0.564065,30.000000
217,2.095606,13.167084,0.824933,0.000000,0.565231,30.000000
218,2.098016,13.182225,0.816280,0.000000,0.577656,30.000000
219,2.112774,13.274950,0.759287,0.000000,0.650755,30.000000
220,2.115832,13.294165,0.746644,0.000000,0.665224,30.000000
221,2.121713,13.331113,0.721561,0.000000,0.692351,30.000000
222,2.133299,13.403916,0.669289,0.000000,0.743002,30.000000
223,2.134142,13.409213,0.665344,0.000000,0.746537,30.000000
224,2.136933,13.426746,0.652153,0.000000,0.758087,30.000000
225,2.138424,13.436113,0.645023,0.000000,0.764163,30.000000
226,2.152815,13.526536,0.573384,0.000000,0.819286,30.000000
227,2.165605,13.606897,0.505767,0.000000,0.862670,30.000000
228,2.176146,13.673131,0.447561,0.000000,0.894253,30.000000
229,2.178653,13.688882,0.433421,0.000000,0.901192,30.000000
230,2.186371,13.737372,0.389230,0.000000,0.921141,30.000000
231,2.200959,13.829033,0.303281,0.000000,0.952901,30.000000
232,2.207063,13.867386,0.266521,0.000000,0.963829,30.000000
233,2.208093,13.873858,0.260277,0.000000,0.965534,30.000000
234,2.215005,13.917289,0.218111,0.000000,0.975924,30.000000
235,2.220224,13.950079,0.185998,0.000000,0.982550,30.000000
236,2.234793,14.041619,0.095402,0.000000,0.995439,30.000000
237,2.250765,14.141975,-0.004808,0.000000,0.999988,30.000000
238,2.251347,14.145628,-0.008461,0.000000,0.999964,30.000000
239,2.261156,14.207264,-0.070040,0.000000,0.997544,30.000000
240,2.266306,14.239618,-0.102272,0.000000,0.994757,30.000000
241,2.326196,14.615923,-0.460676,0.000000,0.887569,30.000000
242,2.327450,14.623801,-0.467654,0.000000,0.883912,30.000000
243,2.334955,14.670955,-0.508798,0.000000,0.860886,30.000000
244,2.344775,14.732658,-0.560915,0.000000,0.827873,30.000000
245,2.352609,14.781879,-0.600968,0.000000,0.799273,30.000000
246,2.355503,14.800064,-0.615403,0.000000,0.788212,30.000000
247,2.356656,14.807309,-0.621097,0.000000,0.783734,30.000000
248,2.359501,14.825180,-0.635003,0.000000,0.772509,30.000000
249,2.367261,14.873940,-0.671902,0.000000,0.740640,30.000000
250,2.383768,14.977657,-0.744970,0.000000,0.667098,30.000000
251,2.384464,14.982030,-0.747880,0.000000,0.663834,30.000000
252,2.384622,14.983019,-0.748536,0.000000,0.663094,30.000000
253,2.385568,14.988963,-0.752465,0.000000,0.658632,30.000000
254,2.418192,15.193947,-0.870777,0.000000,0.491678,30.000000
255,2.436629,15.309790,-0.921771,0.000000,0.387735,30.000000
256,2.451414,15.402687,-0.953764,0.000000,0.300556,30.000000
257,2.459029,15.450534,-0.967048,0.000000,0.254596,30.000000
258,2.471497,15.528875,-0.984006,0.000000,0.178133,30.000000
259,2.472227,15.533460,-0.984813,0.000000,0.173619,30.000000
260,2.474014,15.544686,-0.986700,0.000000,0.162553,30.000000
261,2.487869,15.631744,-0.997097,0.000000,0.076145,30.000000
262,2.492116,15.658426,-0.998773,0.000000,0.049517,30.000000
263,2.524381,15.861152,-0.988290,0.000000,-0.152590,30.000000
264,2.542066,15.972270,-0.965274,0.000000,-0.261240,30.000000
265,2.573179,16.167758,-0.896144,0.000000,-0.443764,30.000000
266,2.578258,16.199676,-0.881526,0.000000,-0.472136,30.000000
267,2.578497,16.201177,-0.880816,0.000000,-0.473459,30.000000
268,2.582810,16.228275,-0.867664,0.000000,-0.497151,30.000000
269,2.583386,16.231893,-0.865860,0.000000,-0.500287,30.000000
270,2.603871,16.360607,-0.794481,0.000000,-0.607289,30.000000
271,2.632643,16.541386,-0.672346,0.000000,-0.740237,30.000000
272,2.648777,16.642757,-0.593984,0.000000,-0.804477,30.000000
273,2.648927,16.643701,-0.593224,0.000000,-0.805037,30.000000
274,2.653420,16.671928,-0.570267,0.000000,-0.821459,30.000000
275,2.663265,16.733787,-0.518395,0.000000,-0.855141,30.000000
276,2.667245,16.758793,-0.496852,0.000000,-0.867836,30.000000
277,2.668642,16.767574,-0.489211,0.000000,-0.872165,30.000000
278,2.683265,16.859453,-0.407127,0.000000,-0.913371,30.000000
279,2.683545,16.861208,-0.405524,0.000000,-0.914084,30.000000
280,2.685504,16.873522,-0.394237,0.000000,-0.919009,30.000000
281,2.687434,16.885646,-0.383066,0.000000,-0.923721,30.000000
282,2.689963,16.901538,-0.368339,0.000000,-0.929692,30.000000
283,2.693342,16.922767,-0.348521,0.000000,-0.937301,30.000000
284,2.696366,16.941769,-0.330648,0.000000,-0.943754,30.000000
285,2.716590,17.068836,-0.208386,0.000000,-0.978047,30.000000
286,2.756981,17.322623,0.043850,0.000000,-0.999038,30.000000
287,2.757667,17.326931,0.048153,0.000000,-0.998840,30.000000
288,2.760736,17.346215,0.067404,0.000000,-0.997726,30.000000
289,2.770885,17.409981,0.130845,0.000000,-0.991403,30.000000
290,2.779626,17.464905,0.185072,0.000000,-0.982725,30.000000
291,2.818390,17.708466,0.416604,0.000000,-0.909088,30.000000
292,2.861689,17.980525,0.645567,0.000000,-0.763703,30.000000
293,2.862592,17.986195,0.649887,0.000000,-0.760031,30.000000
294,2.869692,18.030810,0.683137,0.000000,-0.730290,30.000000
295,2.871504,18.042189,0.691403,0.000000,-0.722469,30.000000
296,2.880232,18.097031,0.729965,0.000000,-0.683484,30.000000
297,2.893145,18.178166,0.782958,0.000000,-0.622075,30.000000
298,2.893313,18.179225,0.783616,0.000000,-0.621246,30.000000
299,2.910727,18.288636,0.846766,0.000000,-0.531965,30.000000
300,2.912815,18.301757,0.853673,0.000000,-0.520810,30.000000
301,2.923881,18.371283,0.887791,0.000000,-0.460247,30.000000
302,2.929609,18.407276,0.903778,0.000000,-0.428001,30.000000
303,2.934798,18.439881,0.917250,0.000000,-0.398312,30.000000
304,2.955558,18.570321,0.961266,0.000000,-0.275621,30.000000
305,2.972759,18.678397,0.985388,0.000000,-0.170324,30.000000
306,2.975186,18.693643,0.987870,0.000000,-0.155282,30.000000
307,2.987291,18.769704,0.996813,0.000000,-0.079767,30.000000
308,2.994987,18.818061,0.999504,0.000000,-0.031490,30.000000
309,3.002139,18.862997,0.999910,0.000000,0.013441,30.000000
310,3.011100,18.919299,0.997569,0.000000,0.069687,30.000000
311,3.018979,18.968804,0.992898,0.000000,0.118965,30.000000
312,3.020016,18.975318,0.992102,0.000000,0.125431,30.000000
313,3.023336,18.996181,0.989270,0.000000,0.146100,30.000000
314,3.042855,19.118822,0.963966,0.000000,0.266024,30.000000
315,3.054007,19.188890,0.942977,0.000000,0.332859,30.000000
316,3.066585,19.267922,0.913754,0.000000,0.406268,30.000000
317,3.087646,19.400251,0.852161,0.000000,0.523279,30.000000
318,3.110140,19.541589,0.769950,0.000000,0.638104,30.000000
319,3.114111,19.566536,0.753794,0.000000,0.657111,30.000000
320,3.116608,19.582224,0.743392,0.000000,0.668856,30.000000
321,3.116852,19.583760,0.742364,0.000000,0.669997,30.000000
322,3.153410,19.813460,0.570317,0.000000,0.821424,30.000000
323,3.154576,19.820788,0.564283,0.000000,0.825582,30.000000
324,3.154960,19.823197,0.562292,0.000000,0.826938,30.000000
325,3.158962,19.848343,0.541322,0.000000,0.840815,30.000000
326,3.161472,19.864112,0.527997,0.000000,0.849246,30.000000
327,3.174473,19.945804,0.456937,0.000000,0.889499,30.000000
328,3.175048,19.949416,0.453721,0.000000,0.891144,30.000000
329,3.176180,19.956530,0.447370,0.000000,0.894349,30.000000
330,3.191321,20.051662,0.360394,0.000000,0.932800,30.000000
331,3.193440,20.064978,0.347941,0.000000,0.937516,30.000000
332,3.206899,20.149538,0.267516,0.000000,0.963553,30.000000
333,3.260459,20.486066,-0.065666,0.000000,0.997842,30.000000
334,3.280975,20.614976,-0.193398,0.000000,0.981120,30.000000
335,3.290703,20.676099,-0.252968,0.000000,0.967475,30.000000
336,3.291570,20.681545,-0.258233,0.000000,0.966083,30.000000
337,3.297201,20.716926,-0.292245,0.000000,0.956343,30.000000
338,3.300620,20.738410,-0.312722,0.000000,0.949845,30.000000
339,3.305561,20.769449,-0.342050,0.000000,0.939682,30.000000
340,3.306662,20.776368,-0.348542,0.000000,0.937293,30.000000
341,3.320733,20.864781,-0.429942,0.000000,0.902857,30.000000
342,3.324291,20.887136,-0.450016,0.000000,0.893020,30.000000
343,3.333414,20.944459,-0.500440,0.000000,0.865771,30.000000
344,3.345249,21.018816,-0.563374,0.000000,0.826202,30.000000
345,3.357786,21.097595,-0.626646,0.000000,0.779304,30.000000
346,3.357955,21.098651,-0.627470,0.000000,0.778641,30.000000
347,3.362376,21.126429,-0.648853,0.000000,0.760913,30.000000
348,3.367283,21.157262,-0.672002,0.000000,0.740549,30.000000
349,3.374465,21.202387,-0.704725,0.000000,0.709481,30.000000
350,3.376957,21.218046,-0.715748,0.000000,0.698359,30.000000
351,3.378967,21.230676,-0.724510,0.000000,0.689264,30.000000
352,3.380396,21.239652,-0.730668,0.000000,0.682733,30.000000
353,3.386733,21.279472,-0.757268,0.000000,0.653104,30.000000
354,3.391777,21.311166,-0.777584,0.000000,0.628780,30.000000
355,3.403227,21.383105,-0.820767,0.000000,0.571263,30.000000
356,3.404414,21.390564,-0.825005,0.000000,0.565125,30.000000
357,3.410011,21.425728,-0.844363,0.000000,0.535771,30.000000
358,3.417462,21.472547,-0.868513,0.000000,0.495666,30.000000
359,3.421131,21.495598,-0.879707,0.000000,0.475516,30.000000
360,3.423841,21.512628,-0.887677,0.000000,0.460466,30.000000
361,3.425464,21.522825,-0.892326,0.000000,0.451391,30.000000
362,3.432839,21.569165,-0.912278,0.000000,0.409571,30.000000
363,3.450354,21.679213,-0.951741,0.000000,0.306901,30.000000
364,3.466193,21.778732,-0.977524,0.000000,0.210823,30.000000
365,3.471960,21.814965,-0.984520,0.000000,0.175273,30.000000
366,3.481783,21.876685,-0.993456,0.000000,0.114214,30.000000
367,3.508951,22.047391,-0.998419,0.000000,-0.056213,30.000000
368,3.510995,22.060233,-0.997615,0.000000,-0.069030,30.000000
369,3.517496,22.101076,-0.993964,0.000000,-0.109706,30.000000
370,3.535475,22.214044,-0.975262,0.000000,-0.221054,30.000000
371,3.535751,22.215779,-0.974877,0.000000,-0.222746,30.000000
372,3.543206,22.262622,-0.963377,0.000000,-0.268151,30.000000
373,3.549994,22.305271,-0.951068,0.000000,-0.308982,30.000000
374,3.566956,22.411845,-0.912805,0.000000,-0.408396,30.000000
375,3.598683,22.611192,-0.813853,0.000000,-0.581071,30.000000
376,3.622157,22.758684,-0.719624,0.000000,-0.694364,30.000000
377,3.650943,22.939549,-0.582983,0.000000,-0.812484,30.000000
378,3.654103,22.959406,-0.566736,0.000000,-0.823899,30.000000
379,3.658792,22.988867,-0.542221,0.000000,-0.840236,30.000000
380,3.670740,23.063938,-0.477676,0.000000,-0.878536,30.000000
381,3.676224,23.098399,-0.447123,0.000000,-0.894473,30.000000
382,3.681653,23.132509,-0.416358,0.000000,-0.909201,30.000000
383,3.683549,23.144423,-0.405497,0.000000,-0.914096,30.000000
384,3.688546,23.175817,-0.376605,0.000000,-0.926374,30.000000
385,3.710446,23.313422,-0.245972,0.000000,-0.969277,30.000000
386,3.749045,23.555943,-0.006002,0.000000,-0.999982,30.000000
387,3.749318,23.557660,-0.004285,0.000000,-0.999991,30.000000
388,3.752790,23.579473,0.017527,0.000000,-0.999846,30.000000
389,3.761337,23.633174,0.071169,0.000000,-0.997464,30.000000
390,3.778266,23.739543,0.176666,0.000000,-0.984271,30.000000
391,3.808929,23.932204,0.361857,0.000000,-0.932234,30.000000
392,3.811960,23.951249,0.379545,0.000000,-0.925173,30.000000
393,3.814219,23.965442,0.392637,0.000000,-0.919693,30.000000
394,3.829916,24.064074,0.481293,0.000000,-0.876560,30.000000
395,3.855211,24.223008,0.613956,0.000000,-0.789340,30.000000
396,3.855951,24.227652,0.617615,0.000000,-0.786480,30.000000
397,3.858789,24.245489,0.631545,0.000000,-0.775340,30.000000
398,3.865748,24.289212,0.664831,0.000000,-0.746994,30.000000
399,3.874349,24.343255,0.704210,0.000000,-0.709991,30.000000
400,3.874756,24.345810,0.706022,0.000000,-0.708190,30.000000
401,3.895799,24.478026,0.793222,0.000000,-0.608933,30.000000
402,3.900994,24.510666,0.812671,0.000000,-0.582723,30.000000
403,3.901861,24.516117,0.815836,0.000000,-0.578284,30.000000
404,3.902552,24.520458,0.818338,0.000000,-0.574738,30.000000
405,3.907384,24.550821,0.835409,0.000000,-0.549629,30.000000
406,3.910815,24.572374,0.847060,0.000000,-0.531497,30.000000
407,3.925087,24.662052,0.891256,0.000000,-0.453501,30.000000
408,3.937116,24.737628,0.922953,0.000000,-0.384913,30.000000
409,3.937120,24.737656,0.922964,0.000000,-0.384887,30.000000
410,3.938326,24.745233,0.925853,0.000000,-0.377883,30.000000
411,3.938489,24.746256,0.926240,0.000000,-0.376935,30.000000
412,3.945615,24.791028,0.942182,0.000000,-0.335102,30.000000
413,3.956678,24.860542,0.963182,0.000000,-0.268850,30.000000
414,3.977482,24.991254,0.990007,0.000000,-0.141015,30.000000
415,3.991510,25.079398,0.998578,0.000000,-0.053318,30.000000
416,3.992595,25.086216,0.998918,0.000000,-0.046508,30.000000
417,3.999802,25.131496,0.999999,0.000000,-0.001245,30.000000
418,4.005324,25.166190,0.999441,0.000000,0.033442,30.000000
419,4.006160,25.171443,0.999251,0.000000,0.038692,30.000000
420,4.019086,25.252665,0.992818,0.000000,0.119637,30.000000
421,4.020527,25.261715,0.991694,0.000000,0.128616,30.000000
422,4.025562,25.293351,0.987130,0.000000,0.159920,30.000000
423,4.052870,25.464934,0.945330,0.000000,0.326117,30.000000
424,4.070282,25.574339,0.904070,0.000000,0.427385,30.000000
425,4.072672,25.589356,0.897550,0.000000,0.440912,30.000000
426,4.093576,25.720693,0.832078,0.000000,0.554658,30.000000
427,4.099368,25.757090,0.811344,0.000000,0.584569,30.000000
428,4.119018,25.880556,0.733177,0.000000,0.680038,30.000000
429,4.136218,25.988621,0.655554,0.000000,0.755148,30.000000
430,4.142857,26.030340,0.623489,0.000000,0.781832,30.000000
431,4.152907,26.093482,0.572913,0.000000,0.819616,30.000000
432,4.165515,26.172701,0.506255,0.000000,0.862384,30.000000
433,4.166385,26.178172,0.501529,0.000000,0.865141,30.000000
434,4.177408,26.247426,0.440460,0.000000,0.897772,30.000000
435,4.179090,26.257999,0.430944,0.000000,0.902379,30.000000
436,4.182136,26.277135,0.413598,0.000000,0.910459,30.000000
437,4.182235,26.277755,0.413034,0.000000,0.910716,30.000000
438,4.187626,26.311629,0.381953,0.000000,0.924182,30.000000
439,4.193898,26.351036,0.345246,0.000000,0.938512,30.000000
440,4.194076,26.352157,0.344194,0.000000,0.938898,30.000000
441,4.194094,26.352272,0.344086,0.000000,0.938938,30.000000
442,4.204995,26.420760,0.279024,0.000000,0.960284,30.000000
443,4.217462,26.499093,0.203023,0.000000,0.979174,30.000000
444,4.250472,26.706502,-0.002964,0.000000,0.999996,30.000000
445,4.268189,26.817820,-0.114033,0.000000,0.993477,30.000000
446,4.268429,26.819333,-0.115537,0.000000,0.993303,30.000000
447,4.278860,26.884869,-0.180340,0.000000,0.983604,30.000000
448,4.278945,26.885404,-0.180866,0.000000,0.983508,30.000000
449,4.281161,26.899329,-0.194543,0.000000,0.980894,30.000000
450,4.286708,26.934182,-0.228605,0.000000,0.973519,30.000000
451,4.290613,26.958715,-0.252418,0.000000,0.967618,30.000000
452,4.303160,27.037553,-0.327839,0.000000,0.944734,30.000000
453,4.319399,27.139586,-0.422361,0.000000,0.906428,30.000000
454,4.325143,27.175676,-0.454792,0.000000,0.890598,30.000000
455,4.342282,27.283362,-0.547877,0.000000,0.836559,30.000000
456,4.351935,27.344013,-0.597576,0.000000,0.801812,30.000000
457,4.357979,27.381988,-0.627587,0.000000,0.778546,30.000000
458,4.359587,27.392093,-0.635423,0.000000,0.772165,30.000000
459,4.373719,27.480885,-0.701391,0.000000,0.712777,30.000000
460,4.418671,27.763329,-0.872254,0.000000,0.489054,30.000000
461,4.437034,27.878707,-0.922755,0.000000,0.385387,30.000000
462,4.441069,27.904059,-0.932228,0.000000,0.361871,30.000000
463,4.445047,27.929056,-0.940982,0.000000,0.338458,30.000000
464,4.462045,28.035853,-0.971698,0.000000,0.236227,30.000000
465,4.467132,28.067816,-0.978751,0.000000,0.205053,30.000000
466,4.471232,28.093581,-0.983709,0.000000,0.179770,30.000000
467,4.472284,28.100190,-0.984875,0.000000,0.173265,30.000000
468,4.488983,28.205109,-0.997605,0.000000,0.069170,30.000000
469,4.494241,28.238149,-0.999345,0.000000,0.036177,30.000000
470,4.506078,28.312525,-0.999271,0.000000,-0.038182,30.000000
471,4.533157,28.482665,-0.978377,0.000000,-0.206828,30.000000
472,4.534940,28.493868,-0.975999,0.000000,-0.217775,30.000000
473,4.539036,28.519605,-0.970072,0.000000,-0.242819,30.000000
474,4.545155,28.558053,-0.960021,0.000000,-0.279928,30.000000
475,4.546086,28.563900,-0.958368,0.000000,-0.285537,30.000000
476,4.546632,28.567329,-0.957383,0.000000,-0.288821,30.000000
477,4.548961,28.581966,-0.953053,0.000000,-0.302803,30.000000
478,4.552132,28.601888,-0.946832,0.000000,-0.321728,30.000000
479,4.552773,28.605920,-0.945527,0.000000,-0.325543,30.000000
480,4.558954,28.644750,-0.932177,0.000000,-0.362003,30.000000
481,4.567632,28.699281,-0.911061,0.000000,-0.412272,30.000000
482,4.571362,28.722716,-0.901150,0.000000,-0.433508,30.000000
483,4.574855,28.744663,-0.891419,0.000000,-0.453180,30.000000
484,4.588095,28.827851,-0.850681,0.000000,-0.525682,30.000000
485,4.589068,28.833965,-0.847451,0.000000,-0.530874,30.000000
486,4.605004,28.934093,-0.790140,0.000000,-0.612927,30.000000
487,4.606049,28.940660,-0.786098,0.000000,-0.618102,30.000000
488,4.607810,28.951723,-0.779212,0.000000,-0.626760,30.000000
489,4.615541,29.000301,-0.747857,0.000000,-0.663859,30.000000
490,4.622850,29.046221,-0.716595,0.000000,-0.697489,30.000000
491,4.627742,29.076959,-0.694821,0.000000,-0.719182,30.000000
492,4.642605,29.170348,-0.624727,0.000000,-0.780843,30.000000
493,4.662186,29.293379,-0.524179,0.000000,-0.851608,30.000000
494,4.663414,29.301092,-0.517596,0.000000,-0.855625,30.000000
495,4.664191,29.305975,-0.513411,0.000000,-0.858143,30.000000
496,4.680281,29.407071,-0.424182,0.000000,-0.905577,30.000000
497,4.682389,29.420317,-0.412151,0.000000,-0.911116,30.000000
498,4.689646,29.465914,-0.370193,0.000000,-0.928955,30.000000
499,4.698765,29.523208,-0.316390,0.000000,-0.948629,30.000000
500,4.704515,29.559340,-0.281916,0.000000,-0.959439,30.000000
501,4.707614,29.578813,-0.263180,0.000000,-0.964747,30.000000
502,4.740116,29.783027,-0.062063,0.000000,-0.998072,30.000000
503,4.741471,29.791541,-0.053563,0.000000,-0.998564,30.000000
504,4.792986,30.115219,0.266817,0.000000,-0.963747,30.000000
505,4.794695,30.125955,0.277148,0.000000,-0.960827,30.000000
506,4.796898,30.139797,0.290421,0.000000,-0.956899,30.000000
507,4.809431,30.218547,0.364799,0.000000,-0.931086,30.000000
508,4.818797,30.277392,0.418926,0.000000,-0.908020,30.000000
509,4.866511,30.577191,0.668404,0.000000,-0.743799,30.000000
510,4.875459,30.633414,0.709145,0.000000,-0.705063,30.000000
511,4.878101,30.650013,0.720750,0.000000,-0.693195,30.000000
512,4.896459,30.765357,0.795739,0.000000,-0.605639,30.000000
513,4.897749,30.773465,0.800623,0.000000,-0.599168,30.000000
514,4.906027,30.825475,0.830690,0.000000,-0.556736,30.000000
515,4.909313,30.846126,0.842009,0.000000,-0.539464,30.000000
516,4.910824,30.855618,0.847091,0.000000,-0.531447,30.000000
517,4.913179,30.870412,0.854860,0.000000,-0.518858,30.000000
518,4.913185,30.870449,0.854880,0.000000,-0.518826,30.000000
519,4.917881,30.899959,0.869816,0.000000,-0.493376,30.000000
520,4.965297,31.197879,0.976322,0.000000,-0.216323,30.000000
521,4.975038,31.259087,0.987726,0.000000,-0.156198,30.000000
522,4.976037,31.265361,0.988686,0.000000,-0.149997,30.000000
523,4.987475,31.337227,0.996905,0.000000,-0.078619,30.000000
524,4.991659,31.363521,0.998627,0.000000,-0.052382,30.000000
525,5.003404,31.437316,0.999771,0.000000,0.021388,30.000000
526,5.021721,31.552404,0.990701,0.000000,0.136054,30.000000
527,5.041180,31.674665,0.966714,0.000000,0.255861,30.000000
528,5.046403,31.707485,0.957797,0.000000,0.287445,30.000000
529,5.061081,31.799712,0.927254,0.000000,0.374433,30.000000
530,5.069304,31.851375,0.906681,0.000000,0.421817,30.000000
531,5.076963,31.899499,0.885339,0.000000,0.464945,30.000000
532,5.085479,31.953008,0.859206,0.000000,0.511630,30.000000
533,5.091936,31.993578,0.837747,0.000000,0.546058,30.000000
534,5.098027,32.031847,0.816242,0.000000,0.577710,30.000000
535,5.108579,32.098149,0.776173,0.000000,0.630520,30.000000
536,5.112344,32.121802,0.761044,0.000000,0.648700,30.000000
537,5.131488,32.242089,0.677703,0.000000,0.735336,30.000000
538,5.136087,32.270988,0.656172,0.000000,0.754611,30.000000
539,5.182309,32.561411,0.412605,0.000000,0.910910,30.000000
540,5.182548,32.562907,0.411241,0.000000,0.911527,30.000000
541,5.183018,32.565864,0.408544,0.000000,0.912739,30.000000
542,5.190784,32.614657,0.363541,0.000000,0.931578,30.000000
543,5.194102,32.635503,0.344044,0.000000,0.938954,30.000000
544,5.225391,32.832099,0.154009,0.000000,0.988069,30.000000
545,5.252075,32.999760,-0.013037,0.000000,0.999915,30.000000
546,5.269321,33.108122,-0.121101,0.000000,0.992640,30.000000
547,5.296287,33.277552,-0.286747,0.000000,0.958006,30.000000
548,5.297081,33.282543,-0.291524,0.000000,0.956564,30.000000
549,5.300731,33.305475,-0.313381,0.000000,0.949627,30.000000
550,5.306511,33.341795,-0.347658,0.000000,0.937621,30.000000
551,5.312461,33.379175,-0.382455,0.000000,0.923974,30.000000
552,5.315697,33.399511,-0.401165,0.000000,0.916006,30.000000
553,5.320741,33.431203,-0.429988,0.000000,0.902834,30.000000
554,5.326910,33.469964,-0.464652,0.000000,0.885494,30.000000
555,5.329554,33.486574,-0.479295,0.000000,0.877654,30.000000
556,5.337774,33.538224,-0.523967,0.000000,0.851739,30.000000
557,5.345398,33.586126,-0.564149,0.000000,0.825673,30.000000
558,5.347534,33.599546,-0.575179,0.000000,0.818028,30.000000
559,5.349086,33.609297,-0.583128,0.000000,0.812380,30.000000
560,5.354413,33.642769,-0.609988,0.000000,0.792410,30.000000
561,5.364849,33.708343,-0.660602,0.000000,0.750737,30.000000
562,5.388230,33.855246,-0.763376,0.000000,0.645954,30.000000
563,5.392985,33.885126,-0.782334,0.000000,0.622860,30.000000
564,5.412515,34.007835,-0.852690,0.000000,0.522418,30.000000
565,5.415988,34.029659,-0.863887,0.000000,0.503686,30.000000
566,5.430044,34.117974,-0.904945,0.000000,0.425528,30.000000
567,5.448627,34.234733,-0.948355,0.000000,0.317210,30.000000
568,5.463116,34.325768,-0.973266,0.000000,0.229682,30.000000
569,5.475072,34.400890,-0.987759,0.000000,0.155989,30.000000
570,5.475224,34.401849,-0.987908,0.000000,0.155042,30.000000
571,5.476107,34.407397,-0.988753,0.000000,0.149559,30.000000
572,5.481035,34.438358,-0.992909,0.000000,0.118880,30.000000
573,5.483671,34.454919,-0.994741,0.000000,0.102420,30.000000
574,5.487591,34.479549,-0.996962,0.000000,0.077891,30.000000
575,5.489703,34.492821,-0.997908,0.000000,0.064653,30.000000
576,5.508787,34.612730,-0.998476,0.000000,-0.055183,30.000000
577,5.508817,34.612919,-0.998466,0.000000,-0.055371,30.000000
578,5.569002,34.991070,-0.907480,0.000000,-0.420096,30.000000
579,5.574977,35.028616,-0.891071,0.000000,-0.453864,30.000000
580,5.578459,35.050493,-0.880929,0.000000,-0.473248,30.000000
581,5.600605,35.189642,-0.806775,0.000000,-0.590859,30.000000
582,5.607553,35.233295,-0.780222,0.000000,-0.625503,30.000000
583,5.609209,35.243698,-0.773672,0.000000,-0.633586,30.000000
584,5.611090,35.255520,-0.766128,0.000000,-0.642688,30.000000
585,5.652711,35.517030,-0.573921,0.000000,-0.818911,30.000000
586,5.677635,35.673631,-0.439179,0.000000,-0.898400,30.000000
587,5.679400,35.684722,-0.429188,0.000000,-0.903215,30.000000
588,5.696621,35.792923,-0.329139,0.000000,-0.944281,30.000000
589,5.700441,35.816926,-0.306381,0.000000,-0.951909,30.000000
590,5.704956,35.845297,-0.279255,0.000000,-0.960217,30.000000
591,5.714575,35.905732,-0.220750,0.000000,-0.975330,30.000000
592,5.731050,36.009250,-0.118785,0.000000,-0.992920,30.000000
593,5.743344,36.086497,-0.041807,0.000000,-0.999126,30.000000
594,5.764938,36.222172,0.093719,0.000000,-0.995599,30.000000
595,5.771388,36.262697,0.133978,0.000000,-0.990984,30.000000
596,5.777813,36.303071,0.173868,0.000000,-0.984769,30.000000
597,5.798331,36.431987,0.299026,0.000000,-0.954245,30.000000
598,5.803415,36.463934,0.329354,0.000000,-0.944207,30.000000
599,5.803847,36.466649,0.331915,0.000000,-0.943309,30.000000
600,5.811673,36.515820,0.377879,0.000000,-0.925855,30.000000
601,5.812280,36.519633,0.381406,0.000000,-0.924407,30.000000
602,5.816452,36.545848,0.405506,0.000000,-0.914092,30.000000
603,5.819629,36.565810,0.423672,0.000000,-0.905816,30.000000
604,5.825640,36.603574,0.457568,0.000000,-0.889174,30.000000
605,5.827225,36.613532,0.466400,0.000000,-0.884574,30.000000
606,5.835982,36.668555,0.514341,0.000000,-0.857586,30.000000
607,5.841131,36.700911,0.541815,0.000000,-0.840498,30.000000
608,5.850418,36.759263,0.589910,0.000000,-0.807469,30.000000
609,5.874785,36.912362,0.706151,0.000000,-0.708062,30.000000
610,5.883032,36.964179,0.741876,0.000000,-0.670538,30.000000
611,5.887002,36.989124,0.758370,0.000000,-0.651824,30.000000
612,5.892467,37.023463,0.780301,0.000000,-0.625404,30.000000
613,5.904369,37.098247,0.824847,0.000000,-0.565356,30.000000
614,5.907526,37.118081,0.835897,0.000000,-0.548886,30.000000
615,5.909473,37.130312,0.842548,0.000000,-0.538622,30.000000
616,5.919726,37.194734,0.875475,0.000000,-0.483263,30.000000
617,5.923840,37.220584,0.887674,0.000000,-0.460473,30.000000
618,5.933755,37.282883,0.914620,0.000000,-0.404314,30.000000
619,5.957578,37.432569,0.964687,0.000000,-0.263398,30.000000
620,5.966168,37.486538,0.977491,0.000000,-0.210976,30.000000
621,5.979414,37.569766,0.991646,0.000000,-0.128986,30.000000
622,5.980984,37.579629,0.992870,0.000000,-0.119198,30.000000
623,6.000422,37.701766,0.999996,0.000000,0.002654,30.000000
624,6.009723,37.760206,0.998134,0.000000,0.061056,30.000000
625,6.017496,37.809041,0.993964,0.000000,0.109707,30.000000
626,6.025205,37.857479,0.987486,0.000000,0.157706,30.000000
627,6.031157,37.894875,0.980900,0.000000,0.194515,30.000000
628,6.038808,37.942948,0.970419,0.000000,0.241427,30.000000
629,6.065141,38.108407,0.917402,0.000000,0.397963,30.000000
630,6.065853,38.112879,0.915613,0.000000,0.402061,30.000000
631,6.072140,38.152381,0.899020,0.000000,0.437907,30.000000
632,6.077306,38.184841,0.884335,0.000000,0.466854,30.000000
633,6.097501,38.311731,0.818145,0.000000,0.575012,30.000000
634,6.100152,38.328383,0.808457,0.000000,0.588556,30.000000
635,6.107398,38.373915,0.780830,0.000000,0.624744,30.000000
636,6.112513,38.406054,0.760351,0.000000,0.649512,30.000000
637,6.122078,38.466150,0.719970,0.000000,0.694006,30.000000
638,6.127026,38.497237,0.698050,0.000000,0.716049,30.000000
639,6.167009,38.748463,0.498133,0.000000,0.867100,30.000000
640,6.176117,38.805686,0.447727,0.000000,0.894170,30.000000
641,6.179690,38.828135,0.427543,0.000000,0.903995,30.000000
642,6.190502,38.896070,0.365191,0.000000,0.930933,30.000000
643,6.199610,38.953296,0.311349,0.000000,0.950296,30.000000
644,6.203310,38.976548,0.289170,0.000000,0.957278,30.000000
645,6.212959,39.037170,0.230643,0.000000,0.973038,30.000000
646,6.223202,39.101528,0.167585,0.000000,0.985858,30.000000
647,6.227997,39.131661,0.137807,0.000000,0.990459,30.000000
648,6.232237,39.158297,0.111379,0.000000,0.993778,30.000000
649,6.232344,39.158973,0.110708,0.000000,0.993853,30.000000
650,6.240343,39.209233,0.060638,0.000000,0.998160,30.000000
651,6.240969,39.213164,0.056714,0.000000,0.998390,30.000000
652,6.247538,39.254440,0.015467,0.000000,0.999880,30.000000
653,6.248876,39.262844,0.007064,0.000000,0.999975,30.000000
654,6.271131,39.402681,-0.132383,0.000000,0.991199,30.000000
655,6.277187,39.440731,-0.169993,0.000000,0.985445,30.000000
656,6.278026,39.446003,-0.175186,0.000000,0.984535,30.000000
657,6.294278,39.548114,-0.274631,0.000000,0.961550,30.000000
658,6.305220,39.616866,-0.340039,0.000000,0.940411,30.000000
659,6.316173,39.685682,-0.403898,0.000000,0.914804,30.000000
660,6.319572,39.707042,-0.423344,0.000000,0.905969,30.000000
661,6.322751,39.727015,-0.441354,0.000000,0.897333,30.000000
662,6.322960,39.728327,-0.442530,0.000000,0.896754,30.000000
663,6.329548,39.769726,-0.479266,0.000000,0.877670,30.000000
664,6.330231,39.774012,-0.483023,0.000000,0.875608,30.000000
665,6.334617,39.801575,-0.506971,0.000000,0.861963,30.000000
666,6.360723,39.965600,-0.640917,0.000000,0.767610,30.000000
667,6.371116,40.030900,-0.689640,0.000000,0.724152,30.000000
668,6.375148,40.056236,-0.707764,0.000000,0.706449,30.000000
669,6.384399,40.114363,-0.747609,0.000000,0.664139,30.000000
670,6.385259,40.119767,-0.751187,0.000000,0.660089,30.000000
671,6.385310,40.120088,-0.751399,0.000000,0.659848,30.000000
672,6.408976,40.268783,-0.840862,0.000000,0.541249,30.000000
673,6.414182,40.301491,-0.858113,0.000000,0.513461,30.000000
674,6.423371,40.359232,-0.886314,0.000000,0.463085,30.000000
675,6.450000,40.526545,-0.951056,0.000000,0.309018,30.000000
676,6.457337,40.572645,-0.964287,0.000000,0.264860,30.000000
677,6.470490,40.655290,-0.982860,0.000000,0.184354,30.000000
678,6.509952,40.903238,-0.998045,0.000000,-0.062493,30.000000
679,6.515313,40.936918,-0.995375,0.000000,-0.096065,30.000000
680,6.519343,40.962239,-0.992624,0.000000,-0.121236,30.000000
681,6.523766,40.990032,-0.988871,0.000000,-0.148773,30.000000
682,6.539302,41.087647,-0.969664,0.000000,-0.244440,30.000000
683,6.552709,41.171883,-0.945660,0.000000,-0.325157,30.000000
684,6.556728,41.197140,-0.937147,0.000000,-0.348936,30.000000
685,6.560496,41.220809,-0.928626,0.000000,-0.371018,30.000000
686,6.581406,41.352191,-0.872018,0.000000,-0.489474,30.000000
687,6.607400,41.515521,-0.780821,0.000000,-0.624754,30.000000
688,6.612933,41.550283,-0.758637,0.000000,-0.651514,30.000000
689,6.613024,41.550854,-0.758264,0.000000,-0.651947,30.000000
690,6.630273,41.659235,-0.683295,0.000000,-0.730143,30.000000
691,6.644189,41.746672,-0.616924,0.000000,-0.787023,30.000000
692,6.649631,41.780863,-0.589660,0.000000,-0.807651,30.000000
693,6.652241,41.797262,-0.576337,0.000000,-0.817212,30.000000
694,6.660963,41.852067,-0.530707,0.000000,-0.847556,30.000000
695,6.680035,41.971899,-0.425580,0.000000,-0.904921,30.000000
696,6.683229,41.991966,-0.407335,0.000000,-0.913279,30.000000
697,6.686985,42.015565,-0.385672,0.000000,-0.922636,30.000000
698,6.702879,42.115433,-0.291762,0.000000,-0.956491,30.000000
699,6.705890,42.134352,-0.273614,0.000000,-0.961840,30.000000
700,6.710825,42.165356,-0.243667,0.000000,-0.969859,30.000000
701,6.715624,42.195509,-0.214317,0.000000,-0.976764,30.000000
702,6.723800,42.246883,-0.163875,0.000000,-0.986481,30.000000
703,6.730555,42.289323,-0.121874,0.000000,-0.992546,30.000000
704,6.730719,42.290357,-0.120848,0.000000,-0.992671,30.000000
705,6.735930,42.323094,-0.088292,0.000000,-0.996095,30.000000
706,6.741296,42.356815,-0.054659,0.000000,-0.998505,30.000000
707,6.742166,42.362278,-0.049203,0.000000,-0.998789,30.000000
708,6.743206,42.368811,-0.042677,0.000000,-0.999089,30.000000
709,6.755088,42.443471,0.031965,0.000000,-0.999489,30.000000
710,6.759031,42.468242,0.056711,0.000000,-0.998391,30.000000
711,6.768602,42.528378,0.116611,0.000000,-0.993178,30.000000
712,6.781441,42.609048,0.196265,0.000000,-0.980551,30.000000
713,6.781697,42.610658,0.197843,0.000000,-0.980234,30.000000
714,6.782315,42.614539,0.201646,0.000000,-0.979458,30.000000
715,6.787315,42.645955,0.232312,0.000000,-0.972641,30.000000
716,6.793177,42.682789,0.267972,0.000000,-0.963427,30.000000
717,6.808073,42.776383,0.356840,0.000000,-0.934166,30.000000
718,6.838333,42.966514,0.526954,0.000000,-0.849894,30.000000
719,6.847722,43.025506,0.576146,0.000000,-0.817347,30.000000
720,6.849679,43.037803,0.586153,0.000000,-0.810200,30.000000
721,6.856823,43.082688,0.621916,0.000000,-0.783084,30.000000
722,6.862848,43.120543,0.651107,0.000000,-0.758986,30.000000
723,6.864363,43.130068,0.658307,0.000000,-0.752750,30.000000
724,6.864816,43.132913,0.660446,0.000000,-0.750873,30.000000
725,6.872415,43.180659,0.695530,0.000000,-0.718497,30.000000
726,6.874567,43.194179,0.705181,0.000000,-0.709028,30.000000
727,6.890750,43.295861,0.773510,0.000000,-0.633785,30.000000
728,6.911777,43.427974,0.850257,0.000000,-0.526368,30.000000
729,6.913894,43.441275,0.857183,0.000000,-0.515013,30.000000
730,6.933358,43.563572,0.913608,0.000000,-0.406596,30.000000
731,6.938591,43.596450,0.926480,0.000000,-0.376344,30.000000
732,6.939992,43.605253,0.929757,0.000000,-0.368174,30.000000
733,6.943965,43.630218,0.938658,0.000000,-0.344851,30.000000
734,6.948929,43.661409,0.948956,0.000000,-0.315409,30.000000
735,6.969088,43.788069,0.981197,0.000000,-0.193009,30.000000
736,6.980415,43.859243,0.992438,0.000000,-0.122744,30.000000
737,6.987318,43.902616,0.996827,0.000000,-0.079597,30.000000
738,7.004104,44.008083,0.999668,0.000000,0.025783,30.000000
739,7.009074,44.039309,0.998375,0.000000,0.056981,30.000000
740,7.011394,44.053887,0.997439,0.000000,0.071529,30.000000
741,7.012960,44.063726,0.996686,0.000000,0.081339,30.000000
742,7.043902,44.258138,0.962196,0.000000,0.272357,30.000000
743,7.073011,44.441041,0.896609,0.000000,0.442822,30.000000
744,7.096284,44.587265,0.822521,0.000000,0.568735,30.000000
745,7.097954,44.597757,0.816508,0.000000,0.577334,30.000000
746,7.104692,44.640099,0.791338,0.000000,0.611379,30.000000
747,7.131825,44.810581,0.676141,0.000000,0.736772,30.000000
748,7.140294,44.863790,0.636000,0.000000,0.771689,30.000000
749,7.145202,44.894629,0.611903,0.000000,0.790933,30.000000
750,7.158734,44.979653,0.542525,0.000000,0.840039,30.000000
751,7.165103,45.019671,0.508484,0.000000,0.861072,30.000000
752,7.170805,45.055497,0.477314,0.000000,0.878733,30.000000
753,7.184489,45.141478,0.400090,0.000000,0.916476,30.000000
754,7.187510,45.160456,0.382627,0.000000,0.923903,30.000000
755,7.191560,45.185903,0.358995,0.000000,0.933340,30.000000
756,7.195330,45.209594,0.336784,0.000000,0.941582,30.000000
757,7.201073,45.245674,0.302600,0.000000,0.953118,30.000000
758,7.209497,45.298608,0.251747,0.000000,0.967793,30.000000
759,7.219993,45.364556,0.187422,0.000000,0.982279,30.000000
760,7.222252,45.378745,0.173466,0.000000,0.984840,30.000000
761,7.225762,45.400802,0.151704,0.000000,0.988426,30.000000
762,7.226521,45.405571,0.146988,0.000000,0.989138,30.000000
763,7.232185,45.441161,0.111699,0.000000,0.993742,30.000000
764,7.232433,45.442714,0.110156,0.000000,0.993914,30.000000
765,7.247931,45.540096,0.012997,0.000000,0.999916,30.000000
766,7.260981,45.622092,-0.068944,0.000000,0.997621,30.000000
767,7.278615,45.732886,-0.178825,0.000000,0.983881,30.000000
768,7.288480,45.794872,-0.239430,0.000000,0.970914,30.000000
769,7.304596,45.896130,-0.336348,0.000000,0.941738,30.000000
770,7.309897,45.929438,-0.367523,0.000000,0.930014,30.000000
771,7.312041,45.942909,-0.380018,0.000000,0.924979,30.000000
772,7.314394,45.957695,-0.393653,0.000000,0.919259,30.000000
773,7.321636,46.003197,-0.435058,0.000000,0.900402,30.000000
774,7.326996,46.036872,-0.465127,0.000000,0.885244,30.000000
775,7.332238,46.069809,-0.494027,0.000000,0.869447,30.000000
776,7.335098,46.087780,-0.509571,0.000000,0.860428,30.000000
777,7.339251,46.113873,-0.531847,0.000000,0.846841,30.000000
778,7.362306,46.258732,-0.648520,0.000000,0.761197,30.000000
779,7.390479,46.435751,-0.772429,0.000000,0.635101,30.000000
780,7.409704,46.556543,-0.843330,0.000000,0.537397,30.000000
781,7.415993,46.596061,-0.863902,0.000000,0.503659,30.000000
782,7.416674,46.600335,-0.866047,0.000000,0.499962,30.000000
783,7.418572,46.612261,-0.871948,0.000000,0.489598,30.000000
784,7.424736,46.650991,-0.890252,0.000000,0.455469,30.000000
785,7.448961,46.803204,-0.949020,0.000000,0.315217,30.000000
786,7.450369,46.812051,-0.951771,0.000000,0.306809,30.000000
787,7.459896,46.871906,-0.968420,0.000000,0.249326,30.000000
788,7.466615,46.914125,-0.978080,0.000000,0.208230,30.000000
789,7.470645,46.939448,-0.983039,0.000000,0.183397,30.000000
790,7.494105,47.086852,-0.999314,0.000000,0.037030,30.000000
791,7.501560,47.133693,-0.999952,0.000000,-0.009803,30.000000
792,7.511328,47.195065,-0.997468,0.000000,-0.071115,30.000000
793,7.518473,47.239958,-0.993272,0.000000,-0.115808,30.000000
794,7.519099,47.243891,-0.992808,0.000000,-0.119714,30.000000
795,7.519996,47.249528,-0.992118,0.000000,-0.125308,30.000000
796,7.529842,47.311392,-0.982473,0.000000,-0.186406,30.000000
797,7.535597,47.347555,-0.975091,0.000000,-0.221805,30.000000
798,7.538495,47.365763,-0.970891,0.000000,-0.239521,30.000000
799,7.544402,47.402874,-0.961336,0.000000,-0.275380,30.000000
800,7.546857,47.418298,-0.956974,0.000000,-0.290174,30.000000
801,7.554628,47.467126,-0.941670,0.000000,-0.336536,30.000000
802,7.554971,47.469280,-0.940943,0.000000,-0.338564,30.000000
803,7.570505,47.566888,-0.903470,0.000000,-0.428651,30.000000
804,7.581216,47.634187,-0.872599,0.000000,-0.488437,30.000000
805,7.596638,47.731084,-0.821252,0.000000,-0.570565,30.000000
806,7.598181,47.740778,-0.815683,0.000000,-0.578499,30.000000
807,7.605642,47.787658,-0.787676,0.000000,-0.616090,30.000000
808,7.616921,47.858527,-0.742074,0.000000,-0.670318,30.000000
809,7.620481,47.880896,-0.726895,0.000000,-0.686748,30.000000
810,7.621286,47.885953,-0.723413,0.000000,-0.690415,30.000000
811,7.631875,47.952487,-0.675910,0.000000,-0.736984,30.000000
812,7.634728,47.970409,-0.662594,0.000000,-0.748979,30.000000
813,7.643802,48.027425,-0.618837,0.000000,-0.785520,30.000000
814,7.680072,48.255317,-0.425369,0.000000,-0.905020,30.000000
815,7.681351,48.263350,-0.418085,0.000000,-0.908408,30.000000
816,7.682167,48.268482,-0.413418,0.000000,-0.910541,30.000000
817,7.693236,48.338027,-0.349145,0.000000,-0.937069,30.000000
818,7.700397,48.383022,-0.306643,0.000000,-0.951825,30.000000
819,7.703387,48.401810,-0.288707,0.000000,-0.957417,30.000000
820,7.708147,48.431716,-0.259950,0.000000,-0.965622,30.000000
821,7.724444,48.534114,-0.159883,0.000000,-0.987136,30.000000
822,7.733589,48.591575,-0.102928,0.000000,-0.994689,30.000000
823,7.747763,48.680631,-0.014054,0.000000,-0.999901,30.000000
824,7.752923,48.713054,0.018367,0.000000,-0.999831,30.000000
825,7.766907,48.800918,0.106032,0.000000,-0.994363,30.000000
826,7.781458,48.892341,0.196370,0.000000,-0.980530,30.000000
827,7.781713,48.893946,0.197944,0.000000,-0.980213,30.000000
828,7.793619,48.968749,0.270645,0.000000,-0.962679,30.000000
829,7.817849,49.120994,0.413512,0.000000,-0.910499,30.000000
830,7.818451,49.124776,0.416952,0.000000,-0.908928,30.000000
831,7.863945,49.410625,0.656326,0.000000,-0.754478,30.000000
832,7.884908,49.542339,0.749729,0.000000,-0.661745,30.000000
833,7.896413,49.614629,0.795567,0.000000,-0.605866,30.000000
834,7.899077,49.631362,0.805593,0.000000,-0.592469,30.000000
835,7.908389,49.689871,0.838860,0.000000,-0.544348,30.000000
836,7.915826,49.736603,0.863373,0.000000,-0.504566,30.000000
837,7.937679,49.873911,0.924310,0.000000,-0.381642,30.000000
838,7.940221,49.889877,0.930286,0.000000,-0.366836,30.000000
839,7.949319,49.947043,0.949725,0.000000,-0.313085,30.000000
840,7.951251,49.959183,0.953456,0.000000,-0.301532,30.000000
841,7.980581,50.143470,0.992566,0.000000,-0.121710,30.000000
842,7.991244,50.210468,0.998487,0.000000,-0.054987,30.000000
843,7.991931,50.214785,0.998715,0.000000,-0.050675,30.000000
844,8.001888,50.277342,0.999930,0.000000,0.011860,30.000000
845,8.010969,50.334402,0.997626,0.000000,0.068865,30.000000
846,8.016280,50.367771,0.994773,0.000000,0.102111,30.000000
847,8.037144,50.498867,0.972889,0.000000,0.231272,30.000000
848,8.040875,50.522306,0.967202,0.000000,0.254009,30.000000
849,8.044442,50.544718,0.961266,0.000000,0.275621,30.000000
850,8.045624,50.552148,0.959192,0.000000,0.282755,30.000000
851,8.049962,50.579406,0.951129,0.000000,0.308793,30.000000
852,8.053822,50.603658,0.943361,0.000000,0.331767,30.000000
853,8.058705,50.634338,0.932741,0.000000,0.360548,30.000000
854,8.062272,50.656747,0.924428,0.000000,0.381358,30.000000
855,8.069073,50.699478,0.907293,0.000000,0.420500,30.000000
856,8.069968,50.705107,0.904911,0.000000,0.425600,30.000000
857,8.087990,50.818341,0.851027,0.000000,0.525122,30.000000
858,8.094501,50.859248,0.828840,0.000000,0.559486,30.000000
859,8.096815,50.873787,0.820618,0.000000,0.571477,30.000000
860,8.105491,50.928305,0.788259,0.000000,0.615344,30.000000
861,8.119514,51.016410,0.731057,0.000000,0.682317,30.000000
862,8.134367,51.109734,0.664291,0.000000,0.747474,30.000000
863,8.156134,51.246502,0.556176,0.000000,0.831065,30.000000
864,8.159859,51.269905,0.536576,0.000000,0.843852,30.000000
865,8.160662,51.274951,0.532311,0.000000,0.846549,30.000000
866,8.181846,51.408056,0.415255,0.000000,0.909705,30.000000
867,8.192798,51.476868,0.351723,0.000000,0.936104,30.000000
868,8.199866,51.521279,0.309816,0.000000,0.950796,30.000000
869,8.204344,51.549413,0.282948,0.000000,0.959135,30.000000
870,8.204943,51.553174,0.279338,0.000000,0.960193,30.000000
871,8.225449,51.682020,0.153648,0.000000,0.988126,30.000000
872,8.247027,51.817597,0.018681,0.000000,0.999825,30.000000
873,8.252524,51.852139,-0.015859,0.000000,0.999874,30.000000
874,8.264235,51.925722,-0.089324,0.000000,0.996003,30.000000
875,8.279613,52.022344,-0.184994,0.000000,0.982740,30.000000
876,8.280378,52.027148,-0.189713,0.000000,0.981840,30.000000
877,8.286601,52.066249,-0.227949,0.000000,0.973673,30.000000
878,8.304761,52.180354,-0.337326,0.000000,0.941388,30.000000
879,8.315350,52.246887,-0.399167,0.000000,0.916878,30.000000
880,8.326142,52.314695,-0.460374,0.000000,0.887725,30.000000
881,8.328438,52.329121,-0.473131,0.000000,0.880992,30.000000
882,8.329677,52.336905,-0.479975,0.000000,0.877282,30.000000
883,8.332320,52.353513,-0.494478,0.000000,0.869190,30.000000
884,8.361261,52.535349,-0.643507,0.000000,0.765441,30.000000
885,8.361427,52.536397,-0.644308,0.000000,0.764766,30.000000
886,8.383038,52.672181,-0.741902,0.000000,0.670508,30.000000
887,8.390722,52.720461,-0.773397,0.000000,0.633922,30.000000
888,8.399185,52.773636,-0.805997,0.000000,0.591920,30.000000
889,8.400050,52.779073,-0.809203,0.000000,0.587529,30.000000
890,8.409074,52.835767,-0.841195,0.000000,0.540732,30.000000
891,8.416847,52.884612,-0.866593,0.000000,0.499016,30.000000
892,8.419545,52.901559,-0.874924,0.000000,0.484259,30.000000
893,8.431619,52.977427,-0.909113,0.000000,0.416550,30.000000
894,8.431877,52.979047,-0.909786,0.000000,0.415078,30.000000
895,8.432277,52.981558,-0.910826,0.000000,0.412792,30.000000
896,8.433822,52.991269,-0.914791,0.000000,0.403927,30.000000
897,8.444519,53.058478,-0.939853,0.000000,0.341580,30.000000
898,8.451176,53.100302,-0.953313,0.000000,0.301984,30.000000
899,8.467590,53.203440,-0.979338,0.000000,0.202231,30.000000
900,8.496545,53.385368,-0.999764,0.000000,0.021705,30.000000
901,8.498430,53.397209,-0.999951,0.000000,0.009866,30.000000
902,8.517956,53.519896,-0.993642,0.000000,-0.112582,30.000000
903,8.520314,53.534713,-0.991865,0.000000,-0.127291,30.000000
904,8.522403,53.547836,-0.990110,0.000000,-0.140296,30.000000
905,8.529205,53.590578,-0.983211,0.000000,-0.182475,30.000000
906,8.530772,53.600423,-0.981366,0.000000,-0.192146,30.000000
907,8.540794,53.663393,-0.967330,0.000000,-0.253521,30.000000
908,8.552049,53.734106,-0.947000,0.000000,-0.321233,30.000000
909,8.575247,53.879869,-0.890300,0.000000,-0.455375,30.000000
910,8.583163,53.929606,-0.866559,0.000000,-0.499075,30.000000
911,8.583547,53.932019,-0.865352,0.000000,-0.501165,30.000000
912,8.601001,54.041681,-0.805305,0.000000,-0.592860,30.000000
913,8.602525,54.051261,-0.799589,0.000000,-0.600548,30.000000
914,8.615116,54.130371,-0.749628,0.000000,-0.661859,30.000000
915,8.626863,54.204177,-0.698782,0.000000,-0.715334,30.000000
916,8.629108,54.218286,-0.688621,0.000000,-0.725121,30.000000
917,8.678770,54.530321,-0.432758,0.000000,-0.901510,30.000000
918,8.680464,54.540964,-0.423139,0.000000,-0.906065,30.000000
919,8.687431,54.584737,-0.383085,0.000000,-0.923713,30.000000
920,8.700698,54.668101,-0.304840,0.000000,-0.952404,30.000000
921,8.704777,54.693728,-0.280335,0.000000,-0.959902,30.000000
922,8.727012,54.833434,-0.143936,0.000000,-0.989587,30.000000
923,8.732185,54.865934,-0.111704,0.000000,-0.993742,30.000000
924,8.742414,54.930209,-0.047645,0.000000,-0.998864,30.000000
925,8.753011,54.996790,0.018917,0.000000,-0.999821,30.000000
926,8.762854,55.058639,0.080679,0.000000,-0.996740,30.000000
927,8.777052,55.147843,0.169154,0.000000,-0.985590,30.000000
928,8.798240,55.280973,0.298482,0.000000,-0.954415,30.000000
929,8.802521,55.307870,0.324042,0.000000,-0.946043,30.000000
930,8.804189,55.318349,0.333937,0.000000,-0.942595,30.000000
931,8.824263,55.444478,0.449859,0.000000,-0.893100,30.000000
932,8.842071,55.556374,0.546771,0.000000,-0.837283,30.000000
933,8.848072,55.594073,0.577939,0.000000,-0.816080,30.000000
934,8.858593,55.660180,0.630587,0.000000,-0.776119,30.000000
935,8.862873,55.687075,0.651230,0.000000,-0.758881,30.000000
936,8.872504,55.747585,0.695930,0.000000,-0.718110,30.000000
937,8.885645,55.830154,0.752785,0.000000,-0.658267,30.000000
938,8.890646,55.861575,0.773093,0.000000,-0.634292,30.000000
939,8.907644,55.968378,0.836304,0.000000,-0.548266,30.000000
940,8.923527,56.068172,0.886766,0.000000,-0.462219,30.000000
941,8.924402,56.073672,0.889294,0.000000,-0.457335,30.000000
942,8.927274,56.091714,0.897401,0.000000,-0.441217,30.000000
943,8.950569,56.238086,0.952156,0.000000,-0.305613,30.000000
944,8.954250,56.261213,0.958969,0.000000,-0.283512,30.000000
945,8.967911,56.347045,0.979743,0.000000,-0.200260,30.000000
946,8.997694,56.534181,0.999895,0.000000,-0.014486,30.000000
947,9.001446,56.557750,0.999959,0.000000,0.009082,30.000000
948,9.023810,56.698268,0.988831,0.000000,0.149043,30.000000
949,9.028740,56.729244,0.983740,0.000000,0.179596,30.000000
950,9.044333,56.827219,0.961455,0.000000,0.274963,30.000000
951,9.045191,56.832611,0.959958,0.000000,0.280143,30.000000
952,9.048889,56.855846,0.953190,0.000000,0.302371,30.000000
953,9.072109,57.001741,0.899106,0.000000,0.437731,30.000000
954,9.080941,57.057235,0.873443,0.000000,0.486926,30.000000
955,9.093812,57.138107,0.831252,0.000000,0.555895,30.000000
956,9.098257,57.166038,0.815404,0.000000,0.578893,30.000000
957,9.103709,57.200290,0.795101,0.000000,0.606477,30.000000
958,9.124159,57.328781,0.710834,0.000000,0.703360,30.000000
959,9.151539,57.500817,0.579934,0.000000,0.814664,30.000000
960,9.153107,57.510669,0.571879,0.000000,0.820338,30.000000
961,9.169717,57.615028,0.483314,0.000000,0.875447,30.000000
962,9.176645,57.658559,0.444759,0.000000,0.895650,30.000000
963,9.176881,57.660042,0.443430,0.000000,0.896309,30.000000
964,9.183477,57.701485,0.405914,0.000000,0.913911,30.000000
965,9.196054,57.780511,0.332500,0.000000,0.943103,30.000000
966,9.209891,57.867455,0.249350,0.000000,0.968413,30.000000
967,9.216745,57.910518,0.207429,0.000000,0.978250,30.000000
968,9.219869,57.930146,0.188190,0.000000,0.982133,30.000000
969,9.224951,57.962079,0.156736,0.000000,0.987641,30.000000
970,9.226698,57.973050,0.145891,0.000000,0.989301,30.000000
971,9.231352,58.002298,0.116898,0.000000,0.993144,30.000000
972,9.240523,58.059921,0.059507,0.000000,0.998228,30.000000
973,9.248173,58.107985,0.011479,0.000000,0.999934,30.000000
974,9.255780,58.155782,-0.036310,0.000000,0.999341,30.000000
975,9.256259,58.158790,-0.039316,0.000000,0.999227,30.000000
976,9.263832,58.206372,-0.086799,0.000000,0.996226,30.000000
977,9.288441,58.360999,-0.239193,0.000000,0.970972,30.000000
978,9.289514,58.367736,-0.245729,0.000000,0.969339,30.000000
979,9.290531,58.374131,-0.251923,0.000000,0.967747,30.000000
980,9.306165,58.472361,-0.345618,0.000000,0.938375,30.000000
981,9.310620,58.500352,-0.371745,0.000000,0.928335,30.000000
982,9.311647,58.506801,-0.377724,0.000000,0.925918,30.000000
983,9.324740,58.589068,-0.452533,0.000000,0.891747,30.000000
984,9.335080,58.654039,-0.509475,0.000000,0.860486,30.000000
985,9.339740,58.683314,-0.534444,0.000000,0.845204,30.000000
986,9.350140,58.748663,-0.588497,0.000000,0.808499,30.000000
987,9.350596,58.751526,-0.590810,0.000000,0.806811,30.000000
988,9.352074,58.760813,-0.598277,0.000000,0.801289,30.000000
989,9.364628,58.839693,-0.659557,0.000000,0.751655,30.000000
990,9.392991,59.017901,-0.782355,0.000000,0.622833,30.000000
991,9.394960,59.030272,-0.789999,0.000000,0.613108,30.000000
992,9.396073,59.037265,-0.794268,0.000000,0.607568,30.000000
993,9.398240,59.050882,-0.802467,0.000000,0.596697,30.000000
994,9.398510,59.052578,-0.803478,0.000000,0.595335,30.000000
995,9.419396,59.183813,-0.874473,0.000000,0.485074,30.000000
996,9.420886,59.193173,-0.878975,0.000000,0.476867,30.000000
997,9.439755,59.311731,-0.929209,0.000000,0.369555,30.000000
998,9.449133,59.370653,-0.949359,0.000000,0.314194,30.000000
999,9.459284,59.434437,-0.967455,0.000000,0.253042,30.000000
